Number of agent;root branch;max-arguments-per-branch; rand-seed;max-arguments-at-once;number of round;runtime;issu value;
10;5;15;8762;2;8;0.03679680824279785;187440/711991;
10;1;15;8762;2;2;0.003298521041870117;44/69;
10;1;15;8762;2;2;0.0036733150482177734;44/69;
