Number of agent;root branch;max-arguments-per-branch; rand-seed;max-arguments-at-once;number of round;runtime;issu value;
5;12;10;8988;2;9;0.02758932113647461;0.1377500819940964;
5;12;10;8988;2;10;0.022816896438598633;0.13118664281454978;
