Round;issu before;Debator1;issu before;Debator2;issu before;Debator3;issu before;Debator4;issu before;Debator5;issu before;Debator6;issu before;Debator7;issu before;Debator8;issu before;Debator9;issu before;Debator10;issu;Run Time;
Initial State; - ;0.23; - ;0.36; - ;0.60; - ;0.43; - ;0.26; - ;0.48; - ;0.60; - ;0.27; - ;0.34; - ;0.32;1.00;0;
ROUND 1;1.00;(1, 0);0.50;(5, 0);0.33;-;0.33;-;0.33;(2, 0);0.25;(15, 2);0.29;-;0.29;(14, 15);0.27;(10, 1);0.32;-;0.32;0.0009016990661621094;
ROUND 2;0.32;(3, 0);0.24;(24, 5);0.27;-;0.27;(19, 3);0.32;(4, 0);0.24;(20, 4);0.27;(21, 4);0.29;(11, 10);0.27;(16, 2);0.29;(22, 4);0.30;0.001081705093383789;
ROUND 3;0.30;(25, 24);0.29;(7, 11);0.29;-;0.29;-;0.29;(23, 21);0.29;(8, 1);0.31;-;0.31;(18, 15);0.31;-;0.31;(12, 18);0.31;0.0008304119110107422;
ROUND 4;0.31;(17, 15);0.31;-;0.31;-;0.31;-;0.31;(6, 7);0.31;(13, 17);0.31;-;0.31;-;0.31;-;0.31;-;0.31;0.0005381107330322266;
ROUND 5;0.31;-;0.31;-;0.31;-;0.31;-;0.31;-;0.31;-;0.31;-;0.31;-;0.31;-;0.31;-;0.31;0.000324249267578125;
